key,name,country,sector,upside,selection_frequency,held,method
VZ,"Verizon",US,Telecom,0.1938,0.10,False,"Zero-growth FCFE"
TMUS,"T-Mobile US",US,Telecom,0.7357,0.25,False,"10-yr earnings/FCF model"
T,"AT&T",US,Telecom,0.3985,0.52,True,"Zero-growth FCFE"
CB,"Chubb",US,Financials,0.1618,0.00,False,"Justified P/B"
LMT,"Lockheed Martin",US,Industrials,0.4436,0.25,False,"10-yr earnings/FCF model"
CVS,"CVS Health",US,Health,0.3828,0.13,False,"10-yr earnings/FCF model"
ADBE,"Adobe",US,Tech,0.2855,0.02,False,"10-yr FCFF DCF (AI-disruption case)"
PYPL,"PayPal",US,Payments,0.4027,0.00,False,"Low-growth FCFE"
CI,"Cigna Group",US,Health,0.5501,0.55,True,"2-stage FCFE"
CMCSA,"Comcast",US,Telecom,0.2424,0.00,False,"Declining-perpetuity FCFE"
O,"Realty Income",US,Real estate,0.1710,0.38,False,"2-stage AFFO discount (organic growth only)"
VICI,"VICI Properties",US,Real estate,0.4132,0.63,True,"2-stage AFFO discount (organic growth only)"
UNH,"UnitedHealth Group",US,Health,0.5189,0.25,False,"10-yr FCFF DCF"
HMC,"Hyundai Motor",KR,Autos,0.1542,0.02,False,"Justified P/B = (ROE−g)/(k−g)"
SHINHAN,"Shinhan Financial Group",KR,Financials,0.2362,0.07,False,"Justified P/B = (ROE−g)/(k−g)"
KIA,"Kia",KR,Autos,0.4256,0.22,False,"Justified P/B = (ROE−g)/(k−g)"
HANA,"Hana Financial Group",KR,Financials,0.2898,0.02,False,"Justified P/B = (ROE−g)/(k−g)"
WOORI,"Woori Financial Group",KR,Financials,0.6928,0.72,True,"Justified P/B"
KEPCO,"Korea Electric Power",KR,Utilities,1.1809,1.00,True,"Justified P/B = (ROE−g)/(k−g)"
KTG,"KT&G",KR,Staples,0.2765,0.83,True,"Justified P/B = (ROE−g)/(k−g)"
IBK,"Industrial Bank of Korea",KR,Financials,1.0065,0.80,True,"Justified P/B = (ROE−g)/(k−g)"
GLOVIS,"Hyundai Glovis",KR,Industrials,0.4272,0.53,True,"Justified P/B = (ROE−g)/(k−g)"
KT,"KT Corp",KR,Telecom,0.6136,0.92,True,"10-yr earnings/FCF model"
DBINS,"DB Insurance",KR,Financials,1.0081,0.92,True,"Justified P/B = (ROE−g)/(k−g)"
KIH,"Korea Investment Holdings",KR,Financials,0.2302,0.02,False,"Justified P/B"
KB,"KB Financial Group",KR,Financials,0.2039,0.00,False,"Justified P/B = (ROE−g)/(k−g)"
KRAFTON,"Krafton",KR,Consumer,0.9766,0.98,True,"10-yr earnings/FCF model"
COWAY,"Coway",KR,Consumer,0.7953,1.00,True,"10-yr earnings model"
HANKOOK,"Hankook Tire & Technology",KR,Materials,0.6136,0.83,True,"10-yr earnings/FCF model"
LGU,"LG Uplus",KR,Telecom,0.7867,0.90,True,"10-yr earnings/FCF model"
JBFG,"JB Financial Group",KR,Financials,0.8160,0.70,True,"Justified P/B"
TOYOTA,"Toyota Motor (NYSE ADR)",JP,Autos,0.2424,0.00,False,"Justified P/E (ROE-based payout)"
NTT,"NTT",JP,Telecom,0.3877,0.38,False,"Justified P/E (ROE-based payout)"
SUMITOMO,"Sumitomo Corp",JP,Industrials,0.5483,0.28,False,"10-yr earnings/FCF model"
MARUBENI,"Marubeni",JP,Industrials,0.2837,0.03,False,"10-yr earnings/FCF model"
MSAD,"MS&AD Insurance",JP,Financials,0.8336,0.57,True,"Justified P/B"
DAIICHI,"Dai-ichi Life",JP,Financials,0.3335,0.17,False,"Justified P/B"
ORIX,"ORIX",JP,Financials,0.5501,0.55,True,"Justified P/B"
SOMPO,"Sompo Holdings",JP,Financials,0.7132,0.65,True,"Justified P/B"
SMTH,"Sumitomo Mitsui Trust",JP,Financials,0.2121,0.05,False,"Justified P/B"
NOMURA,"Nomura Holdings",JP,Financials,0.3460,0.18,False,"Justified P/B"
INPEX,"Inpex",JP,Energy,1.0800,0.23,False,"Mid-cycle justified P/B"
ASTELLAS,"Astellas Pharma",JP,Health,0.5405,0.68,True,"10-yr earnings/FCF model"
SUZUKI,"Suzuki Motor",JP,Autos,0.2628,0.08,False,"10-yr earnings/FCF model"
ENEOS,"ENEOS Holdings",JP,Energy,0.3261,0.03,False,"Mid-cycle justified P/B"
NSTEEL,"Nippon Steel",JP,Materials,0.7025,0.38,False,"Mid-cycle justified P/B"
NYK,"Nippon Yusen (NYK)",JP,Industrials,0.2966,0.08,False,"Mid-cycle justified P/B"
DAIWA,"Daiwa Securities",JP,Financials,0.2906,0.07,False,"Justified P/B"
MOL,"Mitsui O.S.K. Lines",JP,Industrials,0.4231,0.15,False,"Mid-cycle justified P/B"
SEC_P,"Samsung Electronics Pref.",KR,Semis,0.1500,0.00,False,"Normalised-cycle DCF, −10% no-vote haircut"
